Text,Date,Favorites,Retweets,Tweet ID
They're gonna repeal your health care and replace it with a tax cut for Paul Ryan and Donald Trump. https://twitter.com/SpeakerRyan/status/838893035102617600 …,2017-03-06 15:59:59,1,3,838902009713606660
Donald Trump gets to decide whether you deserve overtime pay http://www.huffingtonpost.com/entry/donald-trump-overtime-pay_us_58b75299e4b019d36d108dd3?ncid=engmodushpmg00000004 … via @HuffPostPol,2017-03-06 15:59:59,0,1,838902007884808192
A dear friend of mine who is a Donald Trump supporter and also very inspiring has me rolling around my room... http://fb.me/6uW46S9S4 ,2017-03-06 15:59:56,0,0,838901994186137600
"Jake Tapper DESTROYS Donald Trump's Obama wiretapping claim
@realDonaldTrump'S hysterical nonsense attack. #liarhttp://ln.is/www.youtube.com/jkc4e …",2017-03-06 15:59:52,0,0,838901979694903296
Analysis | The dangerous rage of Donald Trump http://wapo.st/2mXvZBQ?tid=ss_tw …,2017-03-06 15:59:52,0,0,838901977878790144
Here's why Donald Trump is full of shit https://twitter.com/businessinsider/status/838890433765863424 …,2017-03-06 15:59:48,0,0,838901962934484992
"@realDonaldTrump My idea was to bring back honestly and Integrity first, because no rational american should trust what we say at this point",2017-03-06 15:59:47,2,0,838901956970164224
"Donald Trump travel ban: This time 'there should be no surprises', the administration says http://www.abc.net.au/news/2017-03-07/trump-travel-ban-order-the-key-differences-analysis/8330702?pfmredir=sm … via @abcnews #travelban",2017-03-06 15:59:45,0,1,838901949038645248
@thehill I'm OK with that as the things that an egomaniacal idiot wants to do are typically not in our best interests as a nation.,2017-03-06 15:59:43,0,0,838901943292542977
Que contient le nouveau décret anti-immigration de Donald #Trump ? http://bit.ly/2lVECM0  #Cameroun #USApic.twitter.com/wEbzUIY3pm,2017-03-06 15:59:43,0,0,838901943061909504
Esse donald trump é um piroca kkkkkk,2017-03-06 15:59:41,0,0,838901931712073729
"@ScottHounsell like it was talking to Alfa Bank and turned out to be spamming it. There was not wiretapping on ""Donald Trump"" in general.",2017-03-06 15:59:40,0,0,838901930780827648
"Hayden: #DonaldTrump ""apparently forgot that he was president.""; I wish I could forget @realDonaldTrump is #POTUS.https://www.yahoo.com/news/ex-cia-director-on-wiretap-claim-trump-apparently-forgot-that-he-was-president-143941457.html?soc_src=social-sh&soc_trk=tw …",2017-03-06 15:59:40,0,0,838901928692224000
President Donald Trump is the most powerful cornered animal in the world https://www.theguardian.com/commentisfree/2017/mar/06/president-donald-trump-most-powerful-cornered-animal-world?CMP=Share_iOSApp_Other …,2017-03-06 15:59:40,0,0,838901926796283904
Harry Reid - between Donald Trump and Russia http://wapo.st/2eYGzY4?tid=ss_tw … @brettbaier @hannity,2017-03-06 15:59:39,0,0,838901922904027138
John McCain: Donald Trump gets it backwards on Vladimir Putin's Russia (via @Pocket)http://www.usatoday.com/story/opinion/2017/02/13/trump-gets-it-wrong-on-putin-russia-moral-equals-john-mccain-column/97822770/ …,2017-03-06 15:59:33,1,1,838901900166713344
@CNNSitRoom I think we should separate Ivanka from Trump to deter his presidency.,2017-03-06 15:59:30,1,0,838901888137441280
"the best part about donald trump in office is seeing the first response to any of his tweets, they always roast the living fuck out of him",2017-03-06 15:59:29,22,0,838901884219973634
"Sad to read that anyone thinks Lorne Michaels is the ""prince of New York"" when he helped normalized Donald Trump just last year.",2017-03-06 15:59:29,0,0,838901883402084353
Rayuela.- En tremendo enredo se ha metido Donald Trump. Hoy más que nunca su credibilidad está en juego.,2017-03-06 15:59:29,0,0,838901883242610689
Muslims in Congress blast Donald Trump's revised travel ban http://ind.pn/2n7YDzg  #NewslyTweet,2017-03-06 15:59:28,0,0,838901878050127876
"""Somebody need to take his damn twitter or something. It needs to be closed or paused for awhile"" - My Dad on Donald Trump",2017-03-06 15:59:26,0,0,838901870081032194
"Donald Trump spends 31 percent of time on vacation, plays golf 8 times in 6 weeks—on taxpayer dime http://www.dailykos.com/story/2017/3/6/1640646/-Donald-Trump-spends-31-of-time-on-vacation-plays-golf-8-times-in-6-weeks-on-taxpayer-dime …",2017-03-06 15:59:24,0,0,838901863223287808
Donald Trump http://www.truthdig.com/report/item/donald_trumps_greatest_allies_are_the_liberal_elites_20170305/ …,2017-03-06 15:59:24,0,0,838901859746205700
"America, you're doing it wrong! 

#Priorities | #HowBowDah #WakeUpAmerica #DonaldTrump #idiotspic.twitter.com/DXG8x3qJea",2017-03-06 15:59:22,0,0,838901854197149696
@SamuelLJackson Donald Trump is gonna deport you https://twitter.com/SamuelLJackson/status/838857880501641216 …,2017-03-06 15:59:20,0,0,838901843501727745
"Donald Trump is so dumb.
How dumb is he?
He so dumb he don't know that as POTUS he can demand to see the so-called FISA Warrant.",2017-03-06 15:59:19,0,1,838901839668133888
Donald Trump’s Worst Deal http://www.newyorker.com/magazine/2017/03/13/donald-trumps-worst-deal … via @newyorker,2017-03-06 15:59:18,0,0,838901834462867456
"Donald Trump spends 31 percent of time on vacation, plays golf 8 times in 6 weeks—on taxpayer dime http://www.dailykos.com/story/2017/3/6/1640646/-Donald-Trump-spends-31-of-time-on-vacation-plays-golf-8-times-in-6-weeks-on-taxpayer-dime …",2017-03-06 15:59:14,0,0,838901817761222662
Donald Trump is delusional. #MAGA,2017-03-06 15:59:13,0,0,838901813717815296
There is an incredible spirit of optimism sweeping the country right now—we're bringing back the JOBS!pic.twitter.com/X64jhPjDcm,2017-03-06 15:59:12,0,0,838901813185249280
Palm Beach's Congresswoman & Donald Trump's local rep making some news with 330 constituents. #TownHall #WeThePeople @realDonaldTrump #LGBThttps://twitter.com/compasscenter/status/838900957253599232 …,2017-03-06 15:59:12,5,2,838901811121696770
"Donald Trump spends 31 percent of time on vacation, plays golf 8 times in 6 weeks—on taxpayer dime http://www.dailykos.com/story/2017/3/6/1640646/-Donald-Trump-spends-31-of-time-on-vacation-plays-golf-8-times-in-6-weeks-on-taxpayer-dime …",2017-03-06 15:59:11,0,0,838901808768561154
Magic Johnson Compares Donald Trump To A Dictator! | TMZ TV http://rincon-movies.com/2017/02/04/magic-johnson-compares-donald-trump-to-a-dictator-tmz-tv/?utm_campaign=twitter&utm_medium=twitter&utm_source=twitter … #movies,2017-03-06 15:59:11,1,0,838901806939807744
"#tcot #radio
March 6 2017 Gary Gatehouse GETTINA AFTER LEFTY SHOW DONALD TRUMP COLLUDED WITH THE RUSSIANS https://www.podomatic.com/podcasts/garygatehouse/episodes/2017-03-06T15_58_09-08_00 …",2017-03-06 15:59:10,0,0,838901803383152640
THE INDIPENDENT - Muslims in Congress blast Donald Trump's revised travel ban http://ift.tt/2muPzHA  #PaginaNuova #Press,2017-03-06 15:59:10,0,0,838901803257331713
"Retweeted RT en Español (@ActualidadRT):

Donald Trump ha firmado este lunes una nueva orden ejecutiva... http://fb.me/4FzbRM0W7 ",2017-03-06 15:59:08,0,0,838901793283272709
David Moss @StiglerCenter: America's weakened culture of democracy  might explain the rise of Donald Trump,2017-03-06 15:59:07,0,0,838901789567160321
@journorosa Donald Trump has ways of getting even with people who disagree with him.,2017-03-06 15:59:06,0,0,838901786672955392
@tedlieu Donald Trump is the Commander in Chief.  An a member of the USAF you are insubordinate.  As well as being an Idiot! @CantBeatKevinhttps://twitter.com/tedlieu/status/838891081924128768 …,2017-03-06 15:59:06,0,0,838901785876123648
"""Wolf in sheep's clothing"" Your 90-day clock has been ticking. Lacking resources @realDonaldTrump? Can @POTUS do it?http://www.foxnews.com/politics/2017/03/06/gop-lawmakers-get-behind-trump-immigration-order-reboot-amid-new-legal-threats.html …",2017-03-06 15:59:05,0,0,838901783116320769
@realDonaldTrump  New York wasn't able to get enough support for a national election until Donald Trump New York should be proud,2017-03-06 15:59:05,0,0,838901781962735616
"Donald Trump sends out his troops to dispute the FBI, twist press accounts, and defend his insanity http://m.dailykos.com/stories/2017/3/6/1640616/-Donald-Trump-sends-out-his-troops-to-dispute-the-FBI-twist-press-accounts-and-defend-his-insanity?detail=email&link_id=7&can_id=94c40ab6b38046fd2da1b943ce2aabee&source=email-top-republican-tweets-article-suggesting-there-are-russian-agents-in-trump-tower&email_referrer=top-republican-tweets-article-suggesting-there-are-russian-agents-in-trump-tower&email_subject=top-republican-tweets-article-suggesting-there-are-russian-agents-in-trump-tower …",2017-03-06 15:59:05,0,0,838901781895708672
"President Donald Trump's Tap Tweets: 'A Low, Low Moment For Washington' ... https://youtu.be/rJLNl8flGtE  via @YouTube",2017-03-06 15:59:04,1,1,838901776703242241
"POTUS Donald Trump approval ratings @ http://PotusRatings.com  (LIVE STREAM!) from 48,328,462 tweets analyzed in real-time!pic.twitter.com/8ue2cXpv4x",2017-03-06 15:59:01,0,0,838901766670462976
Donald Trump’tan  6 ülkeye vize sınırlaması http://twtrsn.dk/NYRq6H ,2017-03-06 15:59:00,0,0,838901762501160960
I bet Donald Trump going to fired FBI Director James Comey soon.,2017-03-06 15:58:58,1,1,838901751826812928
@hakuna_simba Deliciosa está bb,2017-03-06 15:58:58,1,0,838901750778249216
Businessman with links to Russia and Donald Trump dies in unexplained circumstances http://www.independent.co.uk/news/world/americas/ukranian-businesman-russia-and-donald-trump-dies-michael-cohen-michael-flynn-donald-trump-vladimir-a7612866.html …,2017-03-06 15:58:57,0,0,838901749712891909
"President Donald Trump signs new travel ban, exempts Iraq http://www.cnn.com/2017/03/06/politics/trump-travel-ban-iraq/index.html …",2017-03-06 15:58:57,0,0,838901749087891456
LIVE STREAM: President Donald Trump administration to reveal revised tra... http://ln.is/www.youtube.com/4YT05 …,2017-03-06 15:58:57,0,0,838901747682840577
'It's nonsense' Jake Tapper DESTROYS Donald Trump's Obama wiretapping... http://youtu.be/l4qZkD72htM?a ,2017-03-06 15:58:56,0,0,838901744667148289
What is The Fix’s problem with calling Donald Trump a liar?  https://newrepublic.com/minutes/141154/fixs-problem-calling-donald-trump-liar …,2017-03-06 15:58:56,0,0,838901744398700544
President Donald Trump signs new travel ban http://via.wgntv.com/AhfYv  via @WGNNews,2017-03-06 15:58:54,0,0,838901736546971648
Donald Trump's grampa was previously deported DKM ,2017-03-06 15:58:54,0,0,838901735783550976
@realDonaldTrump I think we should start a petition to put Donald Trump's face on Mt.Rushmore.Already accomplished more than the faces there,2017-03-06 15:58:53,1,0,838901733556301824
If the next act features Ben Carson performing brain surgery on Donald Trump I give up. https://twitter.com/BraddJaffy/status/838865084424290304 …,2017-03-06 15:58:45,16,4,838901698579984385
"@POTUS Really? Seems to me the spirit is more like ""Donald Trump is a nutter and I hope he gets impeached.""",2017-03-06 15:58:44,0,0,838901692812906497
"@realDonaldTrump . keep doing your good works mr president, jst knw that all you need to succeed is God not man #Donald Trump",2017-03-06 15:58:44,0,0,838901691864997888
"Donald Trump spends 31 percent of time on vacation, plays golf 8 times in 6 weeks—on taxpa... https://donaldtrumpleak.com/donald-trump-spends-31-percent-of-time-on-vacation-plays-golf-8-times-in-6-weeks-on-taxpayer-dime-daily-kos/ …pic.twitter.com/bSBk9JZSPT",2017-03-06 15:58:40,26,30,838901679122702338
Se derrumba el PIB X habitante en México. Vuelve a niveles de mediados de los 80's  ¿Culpa de Donald Trump? http://bit.ly/2mcOhig pic.twitter.com/euAbmlZYAi,2017-03-06 15:58:37,0,0,838901665973551105
"President Donald Trump's Tap Tweets: 'A Low, Low Moment For Washington' ... https://youtu.be/rJLNl8flGtE  via @YouTube",2017-03-06 15:58:37,0,0,838901665843425280
"Retweeted Ivanna Torrico (@IvannaTorrico):

Se revela truco de #DonaldTrump para mantener la corbata en su lugar... http://fb.me/1yKj2uiEg ",2017-03-06 15:58:34,0,0,838901652509843456
"@Estabraq02 @Mrsmartqt
مارحتي بعيد عند خوالج صلة الرحم زينه",2017-03-06 15:58:29,0,0,838901629403410442
Donald Trump campaign adviser suggests he had a back channel to WikiLeaks https://www.yahoo.com/news/donald-trump-campaign-adviser-suggests-092000277.html?.tsrc=fauxdal …,2017-03-06 15:58:28,0,0,838901625863421952
7 Russian officials dead since Donald Trump elected President http://theduran.com/7-russian-officials-dead-since-donald-trump-elected-president/ …,2017-03-06 15:58:28,0,0,838901625754275840
Mark Levin PROVES Obama Wiretapping on President Donald Trump | Fox & Friends 3/5/17 https://youtu.be/91fNfGjZdM0 ,2017-03-06 15:58:28,0,0,838901624613535744
There is an incredible spirit of optimism sweeping the country right now—we're bringing back the JOBS!pic.twitter.com/hELwHx90O2,2017-03-06 15:58:25,0,0,838901613569978370
Goldberg: Chuck Schumer is giving Donald Trump a gift http://ln.is/video.foxnews.com/v/PAOAU …,2017-03-06 15:58:21,0,0,838901599250460672
"#FAKENEWS
#SPYGATE HILLARY INVOLVEMENT 
Donald Trump Has 'Secret Server' Communicating With Russia: Report http://ln.is/www.ndtv.com/world-n/mqfMR … via @ndtv",2017-03-06 15:58:21,0,0,838901598600499200
President Donald Trump is the most powerful cornered animal in the world | Lawrence Douglas https://www.theguardian.com/commentisfree/2017/mar/06/president-donald-trump-most-powerful-cornered-animal-world?CMP=share_btn_tw …,2017-03-06 15:58:18,0,0,838901585166094336
URGENT NEWS DONALD TRUMP 03⁄06⁄17 JUSTICE STARTS NOW! https://youtu.be/zXbDsSKpJvk  via @YouTube,2017-03-06 15:58:17,0,0,838901580825051137
This emergency room doctor is informing people Donald Trump is president and documenting their reactions https://www.indy100.com/article/donald-trump-president-amnesia-doctor-emergency-services-united-states-7614201 …,2017-03-06 15:58:16,0,0,838901576643264512
"I wonder how exactly Donald Trump is informed that his tweets are misspelled & that he has to re-write them. ""Subject: Another Tweet Typo"" ",2017-03-06 15:58:16,1,0,838901574437044224
Real!POTUS O shrouded n transparency-investigated every step. Russian Agent #45 (#DonaldTrump) shrouded n secrecy-not 1damn investigation! pic.twitter.com/5zrsubA1Sz,2017-03-06 15:58:15,0,0,838901573422039041
"@realDonaldTrump so this time around the ""bad dudes"" have ten days to ""rush"" into our country.  What were you thinking?

#TrumpRussia",2017-03-06 15:58:14,0,0,838901569571676160
Don't forget - it's going to MAKE AMERICA GREAT AGAIN!,2017-03-06 15:58:07,0,0,838901540182183937
Ready to challenge Donald Trump’s new travel ban in court: New York Attorney General http://pressaware.com/?p=12448 pic.twitter.com/R1Seu2rJEU,2017-03-06 15:58:06,0,0,838901535446720512
@pepperlive said fuck donald trump on Saturday and it was awesome,2017-03-06 15:58:02,1,0,838901517868421121
#donald trump now wants split parents and children if they cross mexican border,2017-03-06 15:57:56,0,0,838901493457633281
The right of the @Teamsters have created tens of thousands of great reviews & will win for the final line.,2017-03-06 15:57:55,0,0,838901489552744448
#Republicans #GOP #Nazis #AdolfTwitler #Reichwing #DonaldTrump #Trump #TrumpRussia #RussiaGatepic.twitter.com/SPTNUhYQUu,2017-03-06 15:57:51,0,0,838901472687452160
"O pessoal quer gerar polêmica e atacar o presidente Donald Trump, até uma gravata insignificante é alvo de rumores.",2017-03-06 15:57:51,0,0,838901472632918017
@ABC @POTUS Hahaha! All Planned Parenthood dies us abortions. They provide no healthcare. Love me some President Donald Trump! Hilarious!,2017-03-06 15:57:47,0,1,838901455427895300
David Letterman calls President Donald Trump 'ignorant' - @ABC News #FakePresident #liarinchief #amaturhttps://abcn.ws/2mOtTax ,2017-03-06 15:57:45,0,0,838901444912812032
Donald Trump is even better than Skittle!!!,2017-03-06 15:57:41,0,0,838901428785643525
"Yes & wow & bravo @funnyordie [Donald Trump now in ""Get Out,"" thanks to Funny Or Die] http://www.huffingtonpost.com/entry/funny-or-die-get-out-trump_us_58bdda83e4b0d8c45f45d3cb?ncid=engmodushpmg00000004 … # via @HuffPostComedy",2017-03-06 15:57:41,0,0,838901428030623745
Fuck Donald Trump Freestyle My Sistaaa Gonna Throw A Lightaaa At A… https://www.instagram.com/p/BNKuLvDga9fQpOLmGXNpIgHyoeCI6eWkHwsG440/ …,2017-03-06 15:57:40,1,0,838901426332045312
David Letterman calls President Donald Trump 'ignorant' https://gma.yahoo.com/david-letterman-calls-president-donald-trump-ignorant-204321835--abc-news-celebrities.html …pic.twitter.com/DYrNTQFDNb,2017-03-06 15:57:38,0,0,838901418992025605
who let donald trump on nba 2k pic.twitter.com/Nv8n1mVBkT,2017-03-06 15:57:37,0,0,838901411098279938
Limbaugh: 'It Isn’t Unreasonable at All for Donald Trump to Suspect That He’s Being Tapped' - Breitbart http://www.breitbart.com/video/2017/03/06/limbaugh-sabotage-effort-undermine-trump-administration/ …,2017-03-06 15:57:35,0,0,838901406039863296
These are the things Donald Trump has done as president that really should scare the shit out of you http://fb.me/1g1X3gwNO ,2017-03-06 15:57:35,0,0,838901405691887619
Spies have ‘considerable intelligence’ of collusion between Russian officials and Donald Trump team http://www.independent.co.uk/news/world/americas/donald-trump-russia-collusion-campaign-us-spies-nsa-agent-considerable-intelligence-a7613266.html …,2017-03-06 15:57:31,0,0,838901386700025857
"Donald Trump spends 31 percent of time on vacation, plays golf 8 times in 6 weeks—on taxpayer dime http://www.dailykos.com/story/2017/3/6/1640646/-Donald-Trump-spends-31-of-time-on-vacation-plays-golf-8-times-in-6-weeks-on-taxpayer-dime …",2017-03-06 15:57:30,3,5,838901382811893760
New York Attorney General To Challenge Donald Trump's New Travel Ban In Court http://fb.me/44QJdFQGA ,2017-03-06 15:57:29,0,0,838901380161155073
"Republicans have announced the plan to replace #ObamaCare. And yes, it will be called #TrumpDontCare
#TRUMP #donaldtrump #ACA #Trumprussia",2017-03-06 15:57:28,1,0,838901376541310976
"Donald Trump spends 31 percent of time on vacation, plays golf 8 times in 6 weeks—on taxpayer dime http://www.dailykos.com/story/2017/3/6/1640646/-Donald-Trump-spends-31-of-time-on-vacation-plays-golf-8-times-in-6-weeks-on-taxpayer-dime …",2017-03-06 15:57:24,0,0,838901357117505536
Donald Trump's most important friend in Congress http://ln.is/www.msnbc.com/rachel/B6jpU … via @msnbc,2017-03-06 15:57:20,0,0,838901340772380676
Donald Trump's Debts to Wall Street - The Atlantic https://www.google.ie/amp/s/www.theatlantic.com/amp/article/512327/ …,2017-03-06 15:57:16,0,0,838901326373355522
J.K. Rowling Just Had the Most British Insult Ever for President Donald Trump - TIME This is so trump!! http://ln.is/time.com/4691778/AIANq …,2017-03-06 15:57:16,0,0,838901325903593472
Donald Trump Is a Gift and a Quandary for Late-Night Hosts http://www.vulture.com/2017/03/donald-trump-is-a-gift-and-a-quandary-for-late-night-hosts.html?mid=twitter-share-vulture … @vulture I'd rather laugh til I cry than cry til I laugh,2017-03-06 15:57:15,0,0,838901322061512704
"Let's call the media's coverage of the North Korean missile launch Donald Trump's Presidential Daily Intelligence Briefing...

#cyberwar",2017-03-06 15:57:14,5,0,838901317598855169
#DonaldTrump #USA There is an incredible spirit of optimism sweeping the country right now—we're bringing back the…https://twitter.com/realDonaldTrump/status/838899465390018560 …,2017-03-06 15:57:11,0,0,838901303652859909
"Lazy Donald Trump spends 31 percent of time on vacation, plays golf 8 times in 6 weeks—on taxpayer dime http://m.dailykos.com/story/2017/3/6/1640646/-Donald-Trump-spends-31-of-time-on-vacation-plays-golf-8-times-in-6-weeks-on-taxpayer-dime?detail=email&link_id=10&can_id=ab5976cfa849baaf32ce086c8c98af89&source=email-top-republican-tweets-article-suggesting-there-are-russian-agents-in-trump-tower&email_referrer=top-republican-tweets-article-suggesting-there-are-russian-agents-in-trump-tower&email_subject=top-republican-tweets-article-suggesting-there-are-russian-agents-in-trump-tower …",2017-03-06 15:57:10,0,0,838901300582502400
"HuffingtonPost: Donald Trump is now in ""Get Out,"" thanks to Funny Or Die http://huff.to/2mP1wJn pic.twitter.com/uDbhPvuzYJ",2017-03-06 15:57:09,0,0,838901297168465921
Donald trump must undergo a full and deep mental health examination to ascertain his ability to separate truth from alternate facts!,2017-03-06 15:57:09,0,0,838901294811262976
@anticarnaca @Tomasxzxz Ambos aman a lo animales. El vegano por no comerlos.,2017-03-06 15:57:07,0,0,838901285579554816
Donald Trump Will Decide Whether You Get Overtime Pay - http://www.tradebuddy.online/donald-trump-will-decide-whether-you-get-overtime-pay/ …pic.twitter.com/giqes66I3V,2017-03-06 15:57:05,0,0,838901277325152257
Donald Trump is poised to do great harm to US cities (but not for the reasons you might think) - USAPP American… http://dlvr.it/NYYfvb ,2017-03-06 15:57:04,0,0,838901273285971969
"Não sei se a Hillary vai trampar hoje, mas é provável que o Donald Trump.",2017-03-06 15:57:03,6,1,838901270933012483
"In the era of Donald Trump, Germans debate a military buildup http://wapo.st/2mUH5Hp?tid=ss_tw …",2017-03-06 15:57:00,0,0,838901256227815424
"Don Cheadle revealed that President Donald Trump spoke racial slurs, while speaking to someone close to the actor. http://fb.me/14VQ9XsuJ ",2017-03-06 15:56:58,0,0,838901247621103617
@realDonaldTrumppic.twitter.com/RVVKzqegY3,2017-03-06 15:56:57,128,48,838901245867876352
"Don Cheadle revealed that President Donald Trump spoke racial slurs, while speaking to someone close to the actor. http://fb.me/1LmSpWMVe ",2017-03-06 15:56:55,0,0,838901234899828737
"Don Cheadle revealed that President Donald Trump spoke racial slurs, while speaking to someone close to the actor. http://fb.me/1I9mHBHYO ",2017-03-06 15:56:53,0,0,838901228344082433
