Text,Date,Favorites,Retweets,Tweet ID
#LiberalTerrorism Juan Thompson . Not Donald trump or any of his supporters.,2017-03-03 15:59:58,0,0,837814842085945344
"Akárhogy számoljuk is, Donald Trump szerint még csak ma van március első napja... http://fb.me/7Xl16b5PG ",2017-03-03 15:59:45,0,0,837814787371323393
"@REAL PRESIDENT DONALD TRUMP CNN IS ALWAYS GOING ON HOW GOOD AFRICA IS TO INVEST
DONT MENTION THE MASS KILLING OF WOMEN CHILDREN IN AFRICA",2017-03-03 15:59:44,0,0,837814783256715268
"When #45 (DonaldTrump) held media in roomed with black bags,Russian Spy  was near. Investigate THEM ALL!Find source of Russian Trump flags! pic.twitter.com/lSGP6bEnD1",2017-03-03 15:59:38,0,0,837814755188408320
Comrade donald trump should be in prison for for his collusion in the hacking of our nation....for refusing to comply with our constitution.,2017-03-03 15:59:28,0,0,837814716013629444
@OfficialSPGB @realDonaldTrump for someone that don't like Donald Trump you sure are on his crotch a lot,2017-03-03 15:59:28,0,0,837814713664811008
eu tentando me fazer de dificil pro @ é mais ridiculo q o Donald Trump,2017-03-03 15:59:21,0,0,837814687047766016
"Anti-Semitism Arrived In My Son’s School: This Is On You, Donald Trump http://hollywoodlife.com/2017/03/03/anti-semitism-schools-america-donald-trump-fault-cemeteries/ … via @Hollywoodlife",2017-03-03 15:59:20,2,1,837814679887994880
"Retweeted The Independent (@Independent):

Donald Trump's father 'was arrested at a Ku Klux Klan rally'... http://fb.me/11bNkprIF ",2017-03-03 15:59:19,0,0,837814678197694464
I fucking love Donald trump,2017-03-03 15:59:19,1,0,837814677631614977
Check out this #ebay deal: #4824 Donald Trump REAL Dollar Bill: Cash Money Memorabilia http://dlvr.it/NXJzcy pic.twitter.com/lINn7Ccbm0,2017-03-03 15:59:19,0,0,837814675744030720
Donald Trump: A True Narcissistic Sociopath (Full).  You must clear an hour to watch this!!  Explains a LOT!  https://www.youtube.com/watch?v=jkUFUkvNYAQ&feature=share …,2017-03-03 15:59:18,0,0,837814672879419392
Donald Trump runs into Twitter trouble with repeated spelling errors as his attempt to turn heat on Democrats goes awry …,2017-03-03 15:59:16,0,0,837814666344693762
"@Inform_Yourself @SenateDems Different smoke, different mirrors",2017-03-03 15:59:16,0,0,837814662620200961
Arnold Schwarzenegger exits Celebrity Apprentice blaming Donald Trump http://www.cbc.ca/1.4009305 ,2017-03-03 15:59:15,0,0,837814661219246080
Donald Trump runs into Twitter trouble with repeated spelling errors as his attempt to turn heat on Democrats goes awry …,2017-03-03 15:59:10,0,0,837814640306438145
Donald Trump Regulators Help Pharmaceutical Companies Block Shareholder Questions About Rising Drug Prices http://www.ibtimes.com/political-capital/will-drug-prices-come-down-donald-trump-promised-his-regulators-help …,2017-03-03 15:59:08,0,0,837814629313044480
Donald Trump runs into Twitter trouble with repeated spelling errors as his attempt to turn heat on Democrats go... http://www.telegraph.co.uk/news/2017/03/03/donald-trump-runs-twitter-trouble-repeated-spelling-errors-attempt/ …,2017-03-03 15:59:07,0,0,837814625370505216
"@DonaldTrump_FR Eh les gars, le sort du monde se joue demain à DC!#March4Trump ! Le vrai peuple va s'exprimer. - de 500K personnes, c foutu!",2017-03-03 15:59:02,0,0,837814606961729536
"#ÚltimaHoraEc

¡Impresionante!
Así vive sus días Donald Trump en la Casa Blanca (VIDEO)

Detalles: 
http://ultimahoraec.com/video-un-dia-en-la-vida-de-la-presidencia-de-trump/ …",2017-03-03 15:59:00,0,0,837814598581395456
Rembr GOP platform change on Ukraine? The mystery of Donald Trump’s man in Moscow http://www.politico.eu/article/the-mystery-of-donald-trumps-man-in-moscow-carter-page-phd/ … via @POLITICOEurope,2017-03-03 15:59:00,1,1,837814597323206657
@mkostyacK DONALD TRUMP IS A DISGRACE,2017-03-03 15:58:59,0,0,837814593883889664
"I saw Donald trump shooting dice and told him stop ""y'all don't deserve me""  https://twitter.com/rapspotlights/status/837015298691608576 …",2017-03-03 15:58:57,0,0,837814583985336324
"this ""Donald Trump (Black Version)"" song by Prince would kind of suck even if it weren't for the dumb president",2017-03-03 15:58:52,0,0,837814563605196800
"@realDonaldTrump should fortify the #RightWing & enact policies to counter right wing censorship.

@StoneColdTruth @Scavino45 @Reince45 @GOPhttps://twitter.com/DonaldTrumpWall/status/837697623171674113 …",2017-03-03 15:58:49,0,1,837814552045752320
#SoftBank's Masayoshi Son is betting big on Donald Trump. Read more: http://owler.us/ackUQY  $9984,2017-03-03 15:58:43,0,0,837814525080449025
Donald Trump isn’t the only villain – the Republican party shares the blame  | Jonathan Freedland https://www.theguardian.com/commentisfree/2017/mar/03/donald-trump-villain-republican-party-blame-russia?CMP=share_btn_tw …,2017-03-03 15:58:39,0,0,837814507363680256
Immigration judges exempt from Trump's federal hiring freeze http://financefollow.com/2017/03/immigration-judges-exempt-from-trumps-federal-hiring-freeze-2/ … (Reuters) - President Donald Trump's,2017-03-03 15:58:37,0,0,837814499059109888
@realDonaldTrump #DonaldTrump #PresidentialElectionpic.twitter.com/T5FHRkI7nK,2017-03-03 15:58:31,0,0,837814474115538944
Arnold Schwarzenegger to quit Celebrity Apprentice over show's ties to Donald Trump http://thetimestimes.trendolizer.com/2017/03/arnold-schwarzenegger-to-quit-celebrity-apprentice-over-shows-ties-to-donald-trump.html …pic.twitter.com/q8lMLtDNTF,2017-03-03 15:58:29,0,1,837814465341050881
"Arnold Schwarzenegger Ditches NBC’s ‘Apprentice,’ Blames Donald Trump http://thebea.st/2lEM3X4  via @thedailybeast",2017-03-03 15:58:28,0,0,837814463151636480
Donald Trump runs into Twitter trouble with repeated spelling errors as his attempt to turn heat on Democrats goes… http://www.telegraph.co.uk/news/2017/03/03/donald-trump-runs-twitter-trouble-repeated-spelling-errors-attempt/ …,2017-03-03 15:58:28,0,0,837814462526652416
"Yup, Trump and co are opposing the elites...erm... 
'Donald Trump's chief strategist 'said only rich people... http://fb.me/8AvUmd0GQ ",2017-03-03 15:58:26,0,0,837814456759562240
"@EdLoverShow Donald Trump was pissed last night because he could'nt find his viagra...he still claims the ""erection was rigged""! F outa here",2017-03-03 15:58:26,0,0,837814454570086400
Donald Trump runs into Twitter trouble with repeated spelling errors as his attempt to turn heat on Democrats goes… http://ift.tt/2mnyT5m ,2017-03-03 15:58:23,0,0,837814442494672896
Donald Trump's attempt to shift Russia focus to Chuck Schumer is more than a little desperate http://www.huffingtonpost.com/entry/donald-trump-chuck-schumer-russia_us_58b9b656e4b05cf0f40060d4?ncid=engmodushpmg00000004 … via @HuffPostPol,2017-03-03 15:58:20,0,0,837814429240668160
Donald Trump: USA erwägen Trennung illegaler Einwanderer von ihren Kindern http://ift.tt/2mWqVMS  #Nachrichten,2017-03-03 15:58:13,0,0,837814401751207936
Donald Trump runs into Twitter trouble with repeated spelling errors as his attempt to turn heat on Democrats goes… http://bit.ly/2lo2awY ,2017-03-03 15:58:08,0,0,837814380452528128
Palantir provides the engine for Donald Trump's deportation machine https://interc.pt/2mKvsCU  by @spencerwoodman,2017-03-03 15:58:07,1,0,837814376799191040
Donald Trump runs into Twitter trouble with repeated spelling errors as his attempt to turn heat on Democrats goes awry | Read: …,2017-03-03 15:58:06,1,0,837814372516888578
Donald Trump runs into Twitter trouble with repeated spelling errors as his attempt to turn heat on Democrats goes… http://bit.ly/2m5kV73 ,2017-03-03 15:58:05,0,0,837814367106236416
Did Donald Trump just sink Jeff Sessions? http://www.msnbc.com/the-last-word/watch/did-donald-trump-just-sink-jeff-sessions-889121859656 … via @msnbc @AC360 @maddow @SenSanders  What abt alternative truth!?,2017-03-03 15:57:59,0,0,837814340879273985
"Donald Trump isn’t the only villain – the Republican party shares the blame

http://flip.it/GV2JMq ",2017-03-03 15:57:53,0,0,837814316501987328
What is changing in America with Donald Trump? https://twitter.com/realDonaldTrump/status/837722869106880517 …,2017-03-03 15:57:53,1,0,837814314484527104
Donald Trump has exposed the hypocrisy on both sides of the Israel-Palestine conflict: http://theduran.com/trump-exposed-hypocrisy-israel-palestine/ …,2017-03-03 15:57:51,0,0,837814307979051008
@SamiamFM @CNN ok . And Donald Trump has never lied.,2017-03-03 15:57:44,0,0,837814279269138432
I imagine the uppercut bag is Donald Trump so I beat the shit outta it   https://twitter.com/Platini_954/status/837762512347099140 …,2017-03-03 15:57:44,0,1,837814278300319744
Every Network that Announce Donald Trump WINS Election 2016 Compilation Video https://youtu.be/4MYEZbyyBJw ,2017-03-03 15:57:41,1,0,837814267931938817
"Donald Trump vows to investigate Democrats over Russia, misspells the same word two different ways http://www.palmerreport.com/opinion/investigate-democrats-russia-mispells/1767/ … via @PalmerReport",2017-03-03 15:57:41,0,0,837814266640093185
@_MAlN @moneymenmeals lol that's ya favorite past time,2017-03-03 15:57:40,0,0,837814261833412608
Vietnam draft 'dodger' Donald Trump condemned by veterans for wearing military outfit http://ind.pn/2mm3U9z ,2017-03-03 15:57:39,0,0,837814259098796032
"If you walked in on Donald Trump as he was robbing your house, he would go ""No, YOU'RE robbing MY house""",2017-03-03 15:57:39,1,1,837814257693515777
"RT ProfCDwyer: Donald Trump Jr. Was Likely Paid at Least $50,000 for Event Held by Hosts Allied With Russia on Syria - WSJ …",2017-03-03 15:57:39,0,0,837814257286791170
"Donald Trump's torture comments 'enough to make my blood run cold', says UN human rights expert
https://www.theatlantic.com/international/archive/2017/03/state-department-trump/517965/ …",2017-03-03 15:57:35,0,0,837814239490424832
Independent: Vietnam draft 'dodger' Donald Trump condemned by veterans for wearing military outfit http://ind.pn/2mm3U9z ,2017-03-03 15:57:33,0,0,837814230455832576
It took Donald Trump three tries to spell 'hereby' correctly on Twitter http://dld.bz/f3QDf ,2017-03-03 15:57:27,4,0,837814205810094080
Hillary's vision is a good day.,2017-03-03 15:57:26,0,0,837814203029270528
Donald Trump and the New Dawn of Tyranny http://flip.it/TEixe7  @realDonaldTrump #realenemyofthepeople,2017-03-03 15:57:23,1,0,837814192409313281
Investigate Donald Trump http://petitions.moveon.org/s/fWgtM0  @moveon,2017-03-03 15:57:18,0,0,837814170183610368
@realDonaldTrump @foxandfriends We LOVE Donald Trump.,2017-03-03 15:57:18,0,1,837814168443043844
Check out this #ebay deal: #3770 Lot of 10 - 1 Troy oz Donald Trump .999 Fine Silver Round http://dlvr.it/NXJxvl pic.twitter.com/G2LgU4g45n,2017-03-03 15:57:16,0,0,837814159576195072
Check Out #BENZOE @BenzoeZME New Single #ForTheNextPresident ON @Youtube Like Share & Comment!! #DonaldTrump #Obama #DISPROMO,2017-03-03 15:57:10,2,2,837814136172081152
"Donald trump is so unspecific, he'll be like ""we need to better our education to make America great again"" like okay, but how",2017-03-03 15:57:09,5,1,837814131596021760
Donald Trump,2017-03-03 15:56:59,0,0,837814089044922368
Donald Trump Sings in The Air Tonight by Phil Collins (VKMTV - The Deplo... https://youtu.be/AiIsaG6mqLM  via @YouTube,2017-03-03 15:56:52,0,0,837814059328225281
Take a look at this Americans this is what Donald trump and Pruitt are up to. A roll-back meant to protect https://twitter.com/andybrown1_/status/837795296587427841 …,2017-03-03 15:56:50,0,0,837814051317166081
"@donaldtrump @jeffsessions  LeftistSOB ShldBeArrestedBy FedsTODAY! EnufOf:Treason&AnarchyFueled &FundedByObamaOrg.,Obama,
Soros,HRC&Cronies!https://twitter.com/JudicialWatch/status/837786943240941568 …",2017-03-03 15:56:48,1,1,837814044299952128
"se estados unidos fosse perfeito, não existiria donald trump",2017-03-03 15:56:47,7,3,837814041426919425
Spirit of US-Australia alliance means standing up to Donald Trump: Dukakis  http://www.smh.com.au/world/spirit-of-usaustralia-alliance-means-standing-up-to-donald-trump-michael-dukakis-20170302-gupljb.html … via @smh,2017-03-03 15:56:47,0,0,837814040634273793
Do you think people might be mad that her campaign blew an election to Donald Trump? https://twitter.com/sarahlerner/status/837783561600028674 …,2017-03-03 15:56:47,17,5,837814038834839552
@PartidoPACMA después de más de 70 años del fin d la 2 G.Mundial ha vuelto el anticristo...Donald Trump,2017-03-03 15:56:44,0,0,837814025924771842
@LifeUnsatisfied no it's a Donald Trump reference actually,2017-03-03 15:56:44,0,0,837814025526341632
"Donald Trump has followed Trump’s dark and Deputy Attorney General, according to declaring for avoiding taking actions of",2017-03-03 15:56:40,0,0,837814010493927424
President Donald Trump & DeVos Visit St. Andrew Catholic School in Orlando https://www.youtube.com/watch?v=-BcUKenXtaY&feature=share …,2017-03-03 15:56:39,0,0,837814007042084864
"Idiot and loser Donald Trump cannot spell ""hereby"" correctly! Should pick up a dictionary! Sad!",2017-03-03 15:56:36,0,0,837813994253660160
Ex-Wife Ivana Claims Donald Trump Is Addicted to Penis Enlargement Pills? http://trib.al/7Injv1F ,2017-03-03 15:56:30,0,0,837813968341254149
@moneymenmeals @_MAlN but I also ain't a hit dog lmfao,2017-03-03 15:56:29,0,0,837813963165401090
Donald Trump runs into Twitter trouble with repeated spelling errors as his attempt to turn heat on Democrats goes… http://www.telegraph.co.uk/news/2017/03/03/donald-trump-runs-twitter-trouble-repeated-spelling-errors-attempt/ …,2017-03-03 15:56:19,0,0,837813922468085760
'Draft-dodging' Donald Trump prompts outrage from veterans for warship speech http://www.huffingtonpost.co.uk/entry/draft-dodging-donald-trump_uk_58b8815ce4b02a4e8ddb7045?ncid=engmodushpmg00000004 … via @HuffPostUK,2017-03-03 15:56:15,0,0,837813906710097920
Does Donald Trump have an underbite,2017-03-03 15:56:13,0,0,837813898086490112
@moneymenmeals @_MAlN lol I'm not complaining,2017-03-03 15:56:12,0,0,837813892634054657
"Nach Ebermann jetzt Rainer Trampert über Donald Trump, das Ende der Globalisierung und die deutsche Atombombe, gelesen. #konkret",2017-03-03 15:56:12,0,0,837813892214579202
I liked a @YouTube video from @gpfactor1953 http://youtu.be/KNxZNyf31Cc?a  Donald Trump & Jeff Sessions May Both Be In Big Trouble,2017-03-03 15:56:07,0,0,837813873243799552
FACT CHECK: Ex-Wife Ivana Claims Donald Trump Is Addicted to Penis Enlargement Pills? http://hoax.trendolizer.com/2017/03/fact-check-ex-wife-ivana-claims-donald-trump-is-addicted-to-penis-enlargement-pills.html …pic.twitter.com/hR4HeNsR6T,2017-03-03 15:56:07,0,0,837813870328758274
@CNN Donald Trump proves once again how petty and vindictive he is. Small minded!,2017-03-03 15:56:06,0,0,837813868122554368
@NBCNightlyNews - Donald Trump is like a 2 year old with his I'll get you attitude (Chuck's picture with Putin) Won't work. Trump is dirty.,2017-03-03 15:56:05,0,0,837813863458406402
Really in the mood to make out w someone who looks like slim shady era eminem hmu if you know anyone,2017-03-03 15:56:02,8,0,837813850619551744
Trump Tower fire: Blaze breaks out in Donald Trump's New York City hotel https://www.yahoo.com/news/trump-tower-fire-blaze-breaks-113700078.html?.tsrc=fauxdal …,2017-03-03 15:56:00,3,1,837813843988471809
"I liked a @YouTube video http://youtu.be/F4SWCLvh_1M?a  DONALD TRUMP SIMULATOR | Papers, Please Ep. 1",2017-03-03 15:56:00,0,0,837813842734383105
@FoxNews even 69 is too high for Donald Trump.,2017-03-03 15:55:59,1,0,837813839106224129
"Hey Sean Spicer, where did Donald Trump get the money to finance his campaign? http://www.dailykos.com/story/2017/3/2/1639375/-Hey-Sean-Spicer-where-did-Donald-Trump-get-the-money-to-finance-his-campaign …",2017-03-03 15:55:57,1,0,837813831082602501
Common Cause Files Campaign Complaint Over Donald Trump Finance 'Sleight Of Hand' | The Huffington Post http://ow.ly/QI4Z309zzRT ,2017-03-03 15:55:57,0,0,837813830742835200
"Arnold Schwarzenegger Is Leaving Celebrity Apprentice, Blames Donald Trump for His Exit - Vanity Fair https://apple.news/AANWm_SgCTAeBZ0ESlcd4mQ …",2017-03-03 15:55:56,0,0,837813826208792576
@Michael78372976 Indeedy! Not even Donald Trump can try make me look like a liar. The truth is out there & on Twitter. Oh God!DELETE!DELETE!,2017-03-03 15:55:48,1,0,837813793703014403
Fox’s Greg Gutfeld Has “A Theory” That Democrats Colluded With Russia To “Destroy Donald Trump” http://mm4a.org/2m59exp ,2017-03-03 15:55:45,1,1,837813779039682560
"@RobleisIUTU cual es la tropa de clash royale que más odia Donald trump?
El RompeMUROS",2017-03-03 15:55:44,0,0,837813775101267968
https://twitter.com/Local4News/status/837813619761025024 … wow is this old dude from Season 5 of The Wire?,2017-03-03 15:55:43,0,0,837813771183718401
""" Donald Trump and numerous campaign advisers have spent months insisting that they never met with any Russian... http://fb.me/11YvGE5YR ",2017-03-03 15:55:43,0,0,837813769170370561
@CrabDiving come on play Donald Trump can suck my cock,2017-03-03 15:55:42,0,0,837813765613703169
@FillWerrell i mean she doesnt have an official insta account so this is false,2017-03-03 15:55:38,0,0,837813750761668608
"Donald Trump vows to investigate Democrats over Russia, misspells the same word two different ways http://www.palmerreport.com/opinion/investigate-democrats-russia-mispells/1767/ … via @PalmerReport",2017-03-03 15:55:37,0,0,837813746105974784
@realDonaldTrump Donald Trump YOU ARE DEAD AND SO ARE YOUR FOLLOWERS :) :),2017-03-03 15:55:37,0,0,837813745548087298
Call your member of Congress 202 224 3121// The One Way Donald Trump Might Finally Have To Release His Taxes https://www.bustle.com/p/the-one-way-donald-trump-might-finally-have-to-release-his-taxes-42228 …,2017-03-03 15:55:35,7,6,837813736656134144
@twitter I regret it was necessary to go to timeout. But no apologies -- those people spend hours each day disparaging others.,2017-03-03 15:55:33,0,0,837813727001001984
Donald Trump Is Not An Evil Genius — But He's Deceiving Us Anyway http://on.mtv.com/2jUsZ6t  via @MTVNews,2017-03-03 15:55:30,0,1,837813715189788672
