Text,Date,Favorites,Retweets,Tweet ID
"Bumper Sticker Ideas:
» Donald Trump, It's a Jeep Thing
» Jesus Loves You, Everyone Else Thinks Donald Trump is an Asshole",2017-03-07 15:59:56,0,0,839264382802505729
Roger Stone Rides Donald Trump’s Well-Tailored Coattails   https://nyti.ms/1Jn5jzS ,2017-03-07 15:59:52,0,0,839264365983449090
"@julianswainson whichever way you look at that picture, it still looks like Donald Trump@",2017-03-07 15:59:51,0,0,839264364779696129
Hacker Kim Dotcom on Wikileaks CIA Documents: Donald Trump Was Spied on 24-7 with His Phone http://www.thegatewaypundit.com/2017/03/hacker-kim-dotcom-wikileaks-cia-documents-donald-trump-spied-24-7-phone/ …,2017-03-07 15:59:48,0,0,839264351571828736
Donald Trump’s St Patrick’s Day cap ridiculed for featuring clover instead of shamrock http://www.telegraph.co.uk/news/2017/03/07/donald-trumps-st-patricks-day-cap-ridiculed-featuring-clover/?WT.mc_id=tmg_share_tw … via @telegraphnews,2017-03-07 15:59:48,0,1,839264349608792064
"@WhiteHouse I would not let my daughter within 100 yards of Donald Trump, for fear that he might grab her pussy.",2017-03-07 15:59:45,0,0,839264339081195520
Donald Trump’s Worst Deal http://www.newyorker.com/magazine/2017/03/13/donald-trumps-worst-deal … via @newyorker,2017-03-07 15:59:45,0,1,839264338347188227
"This is big: ""Donald Trump Met Russian Ambassador During The Campaign, Despite Repeated Denials""
http://www.huffingtonpost.com/entry/donald-trump-kislyak-russia_us_58bf087ee4b0e6e6ccb56870?ks0x2e97iy3ng3c8fr …",2017-03-07 15:59:38,0,0,839264308185956352
"Bumper Sticker Ideas:
» Honk if You're Donald Trump Tweeting
» Keep Calm… Donald Trump
» Hang Up and Be President
» I Brake 4 Fat Donald Tru",2017-03-07 15:59:35,0,0,839264297314222080
US President Donald Trump 'still has confidence' in FBI Director James Comey http://www.jokpeme.com/2017/03/us-president-donald-trump-still-has.html?utm_source=dlvr.it&utm_medium=twitter …pic.twitter.com/twklD1GhpK,2017-03-07 15:59:35,0,0,839264294252371968
It was March 2017. Donald Trump was president. A member of One Direction was arrested.Women were restless. Anne Geddes remained at large. pic.twitter.com/CFcUkgsytq,2017-03-07 15:59:30,66,10,839264276497985537
Donald Trump’s Worst Deal http://www.newyorker.com/magazine/2017/03/13/donald-trumps-worst-deal … from http://flip.it/104T  via @Flipboard,2017-03-07 15:59:25,0,0,839264255568408576
"Donald Trump met and 'warmly greeted' the Russian ambassador during the campaign
http://m.dailykos.com/stories/1641090 ",2017-03-07 15:59:22,1,0,839264242595409921
there’s no way donald trump has never had a live hamster in his butthole.,2017-03-07 15:59:19,71,16,839264229710565381
@donaldtrump i will say that prayer again tonight,2017-03-07 15:59:11,0,0,839264194906161153
"Donald Trump Met Russian Ambassador During The Campaign, Despite Repeated Denials | The Huffington Post #SmartNews http://www.huffingtonpost.com/entry/donald-trump-kislyak-russia_us_58bf087ee4b0e6e6ccb56870 …",2017-03-07 15:59:10,0,0,839264189466095617
"POTUS Donald Trump approval ratings @ http://PotusRatings.com  (LIVE STREAM!) from 51,790,974 tweets analyzed in real-time!pic.twitter.com/oUIN7tP4uC",2017-03-07 15:59:02,0,0,839264156360536065
Does Donald Trump put all of his dirty little eggs into one dirty little basket?,2017-03-07 15:59:01,5,3,839264151755190272
Donald Trump Jr. Trolls SNL and Proves Again He's the Funniest Trump on Social Media http://ijr.com/2017/03/818753-donald-trump-jr-trolls-snl-and-proves-again-hes-the-funniest-trump-on-social-media/?utm_source=twitter&utm_medium=social …,2017-03-07 15:58:56,1,0,839264133035982848
"A Donald Trump.Lo traumatizo el creerse mas por su dinero,le falto amor Educasion Civica y Humana,Pobre D,la humanidad.con su gobierno.",2017-03-07 15:58:56,0,0,839264131215654917
Manhattan Mental Health Court: Order an emergency psychiatric evaluation of Donald Trump - Sign the P... https://www.change.org/p/manhattan-mental-health-court-order-an-emergency-psychiatric-evaluation-of-donald-trump?recruiter=646311224&utm_source=share_petition&utm_medium=twitter&utm_campaign=share_twitter_responsive … via @Change,2017-03-07 15:58:48,0,0,839264099867426816
EE.UU. qué consecuencias puede tener para Donald Trump el tuit en el que acusa a Obama de intervenir su teléfono http://www.bbc.com/mundo/noticias-internacional-39200898 …,2017-03-07 15:58:45,0,0,839264085996945409
"Donald Trump's hotel in Azerbaijan linked with corruption, Iran's Revolutionary Guard http://read.bi/2mtIAyG  via @BI_Defense",2017-03-07 15:58:38,0,1,839264055147839488
Obama Roasts and Destroys President Donald Trump during Rutgers University speech https://youtu.be/N5o0wbuFSac ,2017-03-07 15:58:37,0,0,839264053218459648
"Donald Trump's magic formula for creating jobs is the same as it is for everything else—lie
http://m.dailykos.com/stories/1641043 ",2017-03-07 15:58:36,1,0,839264048214650880
¡Rompió el silencio! Raúl Castro critica la “irracionalidad” de Donald Trump pic.twitter.com/DSKUI57cf2 http://ow.ly/llhH309GNfS ,2017-03-07 15:58:25,0,0,839264003599777792
Lindsey Graham Meets Donald Trump for Lunch–Gives Him New Cell Phone Number http://ift.tt/2mUlZMB ,2017-03-07 15:58:24,0,0,839263999069929472
Should Donald Trump give up his day job?,2017-03-07 15:58:15,5,4,839263959291146240
Alec Baldwin's time as Donald Trump may be coming to an end http://ift.tt/2mV6dkN ,2017-03-07 15:58:14,0,0,839263957164638208
Can the Freedom Caucus bully Donald Trump? http://ift.tt/2lVjyoc ,2017-03-07 15:58:14,0,0,839263955440832512
"Donald Trump Met Russian Ambassador During The Campaign, Despite Repeated Denials http://ift.tt/2mV5akV ",2017-03-07 15:58:13,0,0,839263953595293696
Donald Trump's Justice Department Nominees Shrug Off Democratic Demands for Special ... http://ift.tt/2lVlGwj ,2017-03-07 15:58:13,0,0,839263951988871172
Donald Trump sends Pharma stocks plummeting with new tweet about drug prices http://ift.tt/2mV398q ,2017-03-07 15:58:13,0,0,839263949900107777
Alec Baldwin may shut down Donald Trump impersonation http://ift.tt/2lV3EKC ,2017-03-07 15:58:12,0,0,839263948088217600
"Who can forget last month when President Donald Trump's senior adviser, Kellyanne Conway, made a knee-jerk quip ... http://www.cnn.com/2017/03/07/politics/ivanka-trump-billboard/index.html …",2017-03-07 15:58:07,0,0,839263926047092736
"@Jhus mate this tune could make donald trump marry a black women , what a vibe its sooo sick. https://www.youtube.com/watch?v=3rk6_Ax0mQo …",2017-03-07 15:58:04,19,12,839263913728442368
The truth behind Donald Trump's inauguration crowd pictures http://a.msn.com/01/en-gb/AAnZ3nV?ocid=st …,2017-03-07 15:58:01,1,0,839263901258772480
"J'aime une vidéo @YouTube : ""Donald Trump vs Santa Claus - No Presents Only Money ! President of the Unites States of America"" à",2017-03-07 15:57:58,0,0,839263889577635844
tatianasemmy: Donald Trump found the only black man for his administration who hates black people more... https://tmblr.co/ZFlxWy2JHAGBP ,2017-03-07 15:57:56,0,0,839263880681558018
#Wikileaks Donald Trump should play with his Peter. Not his tweeter. He's going to blow it. Or me if he does. Da!!!,2017-03-07 15:57:46,2,0,839263839153754112
"WSJ (Stephens): ""If by now you don’t find Donald Trump appalling, you’re appalling"" https://www.wsj.com/articles/the-donald-and-the-demagogues-1441064072 …",2017-03-07 15:57:44,21,15,839263829662003200
Yo I've always done this.. my shorty blow mine when she leave the bathroom door open like something going jumpout https://twitter.com/thespecimen1/status/839263356288643072 …,2017-03-07 15:57:41,0,0,839263817825673217
"#ULTIMORA USA: Media: Donald Trump incontrò brevemente l'ambasciatore russo negli Stati Uniti, il 27 aprile in un hotel di Washington",2017-03-07 15:57:41,0,0,839263817469145088
'Firefighter Prophet' Updates His Vision for Donald Trump's Presidency https://shar.es/1UczO8  via @charismamag,2017-03-07 15:57:40,0,0,839263814461886464
"Donald Trump is improving the economy. Housing best since 24, stocks best in 25 years and manufacturing best since 1984. Go trump!",2017-03-07 15:57:38,0,0,839263804512874496
Faith Groups Say Trump’s New Immigration Order Is Still Anti-Immigrant https://www.dub.io/s/78736  #donald_trump #faith_leaderspic.twitter.com/SPyU7nwIdn,2017-03-07 15:57:35,0,0,839263791842004992
Does Donald Trump count his chickens before the eggs have hatched? ,2017-03-07 15:57:32,4,2,839263779837870080
Donald Trump's silence on Wikileaks speaks volumes http://www.9news.com.au/world/2017/03/08/10/12/donald-trump-s-silence-on-wikileaks-speaks-volumes …,2017-03-07 15:57:32,0,0,839263777736421376
Unraveling the secrets that #DonaldTrump’s is hiding  http://www.newyorker.com/magazine/2017/03/13/donald-trumps-worst-deal … via @newyorker,2017-03-07 15:57:31,1,2,839263773819035648
Teanna trump over Donald trump,2017-03-07 15:57:31,0,0,839263773705789441
"""Donald Trump's magic formula for creating jobs is the same as it is for everything else—lie"" http://www.dailykos.com/story/2017/03/07/1641043/-Donald-Trump-s-magic-formula-for-creating-jobs-is-the-same-as-it-is-for-everything-else-lie …",2017-03-07 15:57:29,0,0,839263768571961345
“It’s disturbing” Al Franken DESTROYS Donald Trump and Jeff Sessions LIES http://trumpathon.com/its-disturbing-al-franken-destroys-donald-trump-and-jeff-sessions-lies-2/ …pic.twitter.com/RZK9RFANdh,2017-03-07 15:57:28,0,0,839263761991143424
@HillaryClinton donald trump told me you licked your own clinton once,2017-03-07 15:57:26,0,0,839263755317858304
#US President Donald Trump 'still has confidence' in FBI Director James Comey https://goo.gl/fb/MWY8OK  #donaldtrump,2017-03-07 15:57:25,0,0,839263751488557057
#US President Donald Trump 'still has confidence' in FBI Director James Comey https://goo.gl/fb/d6gcL0  #donaldtrump,2017-03-07 15:57:23,0,0,839263740025503744
Donald Trump Met Russian Ambassador During The Cam... http://www.topbuzz.com/article/i6394865071956165129?app_id=1106&c=tw …,2017-03-07 15:57:22,0,0,839263737236361216
#InvestigateTrumpNow How Donald Trump became Deutsche Bank's biggest headache https://www.theguardian.com/business/2017/feb/16/how-donald-trump-became-deutsche-bank-biggest-headache?CMP=share_btn_tw …,2017-03-07 15:57:22,1,2,839263736779005953
"Donald Trump's hotel in Azerbaijan linked with corruption, Iran's Revolutionary Guard http://read.bi/2mtIAyG  via @BI_Defense",2017-03-07 15:57:20,0,1,839263731246854144
"New post: ""Lindsey Graham Meets Donald Trump for Lunch–Gives Him New Cell Phone Number"" http://ift.tt/2mUlZMB ",2017-03-07 15:57:20,1,0,839263730978467840
#US President Donald Trump 'still has confidence' in FBI Director James Comey https://goo.gl/fb/FF4Rf9  #donaldtrump,2017-03-07 15:57:20,0,0,839263730185666565
What if…Donald Trump’s presidency is just a big PR stunt for @Twitter #whatif #twitter #yuge,2017-03-07 15:57:20,0,0,839263729745334273
@Michael5SOS on a scale if 1-10 i am on a donald trump level of terrified of that picture,2017-03-07 15:57:20,0,0,839263728818323456
"Go to #Tidal now and bump ""For The President"" By Hip-Hop Artist #BENZOE @BenzoeZME http://ow.ly/K3qT308xsG0  #Obama #DonaldTrump #DISPROMO",2017-03-07 15:57:14,0,0,839263705930022912
RT .realDonaldTrump TERRIBLE! Lindsey Graham Meets Donald Trump for Lunch–Gives Him New Cell Phone Number! Very bad. #maga,2017-03-07 15:57:12,0,0,839263695830151168
Lindsey Graham Meets Donald Trump for Lunch–Gives Him New Cell Phone Number http://ift.tt/2mUlZMB  #GOP #Breitbart #Conservative,2017-03-07 15:57:12,0,0,839263693959544832
Th… of jobs and manufacturing in Pennsylvania.,2017-03-07 15:57:11,0,0,839263690411163648
CIA provides binders full of classified evidence on Donald Trump and Russia to Senate Intel Committee http://www.palmerreport.com/politics/cia-provides-binders-full-of-classified-evidence-on-donald-trump-and-russia-to-senate-intel-committee/1816/ … @PalmerReport,2017-03-07 15:57:11,0,0,839263689849126912
"http://www.politifact.com/truth-o-meter/promises/trumpometer/promise/1403/limit-legal-immigration/ … #politifact #DonaldTrump #immigrationlimit  Trump meets with lawmakers to discuss changes to legal immigration",2017-03-07 15:57:10,0,0,839263687428952064
"@marcthiessen @SykesCharlie @washingtonpost Many not only defended--some, like Donald trump, actually cheered them on.",2017-03-07 15:57:09,2,0,839263682462822402
Alec Baldwin has some advice for Donald Trump on Twitter: Let it go http://dlvr.it/NZ3MRQ ,2017-03-07 15:57:04,0,0,839263664146268161
"Donald Trump Met Russian Ambassador During The Campaign, Despite Repeated Denials 

http://m.huffpost.com/us/entry/us_58bf087ee4b0e6e6ccb56870?ncid=fcbklnkushpmg00000063 …",2017-03-07 15:57:04,25,34,839263664041570306
The ‘Morning Joe’-Donald Trump Bromance Is Over http://thebea.st/2mtsapU  via @thedailybeast,2017-03-07 15:57:03,0,0,839263659322900481
".@tod1776 @TomiLahren ""I love Wikileaks."" --Donald Trump, 10/10/2016",2017-03-07 15:57:03,1,0,839263657607454721
I have proof that Donald Trump dresses up in panties and a bra. Photos and videos. But I don't have to show you. #SpicerSpin,2017-03-07 15:57:03,0,0,839263657456513024
Family value: Donald Trump eclipsed by Ivanka http://trumpathon.com/family-value-donald-trump-eclipsed-by-ivanka/ …pic.twitter.com/TGo46Ec2aU,2017-03-07 15:57:03,0,0,839263657242554368
Donald Trump surprises kid guests at the White House tour https://youtu.be/YswtrW4jADI  via @YouTube,2017-03-07 15:57:01,0,0,839263648614912000
Hacker Kim Dotcom on Wikileaks CIA Documents: Donald Trump Was Spied on 24-7 with His Phone http://www.thegatewaypundit.com/2017/03/hacker-kim-dotcom-wikileaks-cia-documents-donald-trump-spied-24-7-phone/ …,2017-03-07 15:56:59,0,0,839263643334230016
vi una remera q dice fuck donald trump pero yo quiero una q diga fuck macri gato,2017-03-07 15:56:58,3,1,839263638028443649
"Gostei de um vídeo @YouTube de @fredrpvasquez http://youtu.be/rrV-9qCELYY?a  FAZ O MURO, DONALD TRUMP!!! W2G FC! #13 FIFA 17 ULTIMATE TEAM",2017-03-07 15:56:55,1,0,839263625986588674
Donald trump so far has shown he is and will become a great president.,2017-03-07 15:56:46,0,0,839263588560715776
Congress Can Remove Donald Trump From Office Without Impeaching Him http://fb.me/1tzUUdfgE ,2017-03-07 15:56:45,1,0,839263584488140800
Lindsey Graham Meets Donald Trump for Lunch–Gives Him New Cell Phone Number: http://ift.tt/2mUlZMB ,2017-03-07 15:56:45,0,0,839263583930302465
Does Donald Trump play the Devil's Advocate?,2017-03-07 15:56:45,4,4,839263583800332290
@realDonaldTrump #DonaldTrump #PresidentialElectionpic.twitter.com/4F4scUw94X,2017-03-07 15:56:43,0,0,839263574858022912
Donald Trump during Celebrity Guests at Byrd vs Golota Fight at Madison Square Garden in New York Ci http://pinterest.com/pin/385198574365298456/ …,2017-03-07 15:56:43,0,0,839263572811268097
"#TheFive
 Gary Gatehouse Gettin after Lefty Show Democrat Leftist Party the overthrow of our President Donald Trump https://www.podomatic.com/podcasts/garygatehouse/episodes/2017-03-05T11_32_00-08_00 …",2017-03-07 15:56:43,0,0,839263572408545280
Doctors: We could not create a leader more dangerously MENTALLY ILL than Donald Trump (VIDEO) http://bit.ly/2n3zQ03  via @egbertowillies,2017-03-07 15:56:41,2,1,839263567186550785
"Degdeg Madaxweyne Farmaajo oo Fariin u diray Donald Trump, Somalida Xayiraada ka qaad: http://youtu.be/6kSosfTyOk0?a  via @YouTube",2017-03-07 15:56:41,0,0,839263565223714817
Lindsey Graham Meets Donald Trump for Lunch–Gives Him New Cell Phone Number http://www.breitbart.com/big-government/2017/03/07/lindsey-graham-meets-donald-trump-for-lunch-gives-him-new-cell-phone-number/ …,2017-03-07 15:56:39,12,8,839263559171264512
EEUU: qué consecuencias puede tener para Donald Trump el tuit en el que acusa a Obama de intervenir su teléfono http://www.bbc.co.uk/mundo/noticias-internacional-39200898 …,2017-03-07 15:56:39,0,1,839263557481017344
Donald Trump: A Pillar of Ignorance and Certitude http://fb.me/2cQoKrIhQ ,2017-03-07 15:56:35,1,1,839263540695425026
Welcome to Donald Trump's Ignorant America http://fb.me/23HPhcjgX ,2017-03-07 15:56:34,1,1,839263536165572608
The entire Senate wants Donald Trump to act on threats against Jewish centers http://ti.me/2lZH5Fk ,2017-03-07 15:56:33,1,0,839263531983831042
THR: Lindsey Graham Meets Donald Trump for Lunch–Gives Him New Cell Phone Number http://ift.tt/2mUlZMB  (BB),2017-03-07 15:56:32,0,0,839263529496633344
Prince of lies: Donald Trump’s contradictory remarks about “violence” reflect his power to distort reality http://fb.me/1MiN8zRHg ,2017-03-07 15:56:32,0,1,839263527571456001
"@ScottPresler Donald Trump has a big heart
I have supported him like you Scott. he didn't need this job.he loves American",2017-03-07 15:56:31,1,0,839263524027260929
"Retweeted McSpocky™  (@mcspocky):

Donald Trump's wiretap tweets raise his risk of impeachment...http://fb.me/3sZl2Dge3 ",2017-03-07 15:56:28,0,0,839263512480317440
"David Letterman calls Donald Trump a 'stupid son of a b***h' hAY DAVID, QUIT FLASHING THE PEOPLE AND TALKING OUT YOUR ***,TALK OUT YOUR FACE",2017-03-07 15:56:28,0,0,839263511121383424
Making Iran’s revolution great again: Donald Trump is helping Iran’s radicals http://www.economist.com/news/middle-east-and-africa/21716652-deploring-donald-one-thing-unites-mullahs-and-middle … via @TheEconomist,2017-03-07 15:56:21,0,0,839263483556413440
The Legal Aid Society is hosting a series of Know Your Rights trainings in response to President Donald Trump’s... http://fb.me/1eT0n1WTJ ,2017-03-07 15:56:19,2,3,839263475037794305
@lucasfresno liste 10 coisas mais úteis para a humanidade formadas por poeira estelar do que o Donald Trump,2017-03-07 15:56:14,0,0,839263454510911489
El económico y nada elegante recurso de Donald Trump para mantener unida su corbata http://m.tn.com.ar/internacional/el-economico-y-nada-elegante-recurso-de-donald-trump-para-mantener-unida-su-corbata_777770 …,2017-03-07 15:56:11,0,0,839263441957371905
"@GeraldoRivera prediction, your going to criticize every thing donald trump does?  Haha",2017-03-07 15:56:08,0,0,839263428648833024
"If you were to create a documentary or write a book about this administration, what would the title be? #trump #joke #DonaldTrump",2017-03-07 15:56:06,0,0,839263421040312321
Lindsey Graham Meets Donald Trump for Lunch–Gives Him New Cell Phone Number http://feedproxy.google.com/~r/breitbart/~3/LJDv3rov9j4/ … #FreeSpeech #MAGA #Trump,2017-03-07 15:56:04,0,1,839263409342410753
@donaldtrump i pray every night you get impeached i am terrified and its not going away,2017-03-07 15:56:04,0,0,839263408776171521
"Televisión, tuits y hamburguesas: Así es la vida de Donald Trump en la Casa Blanca: A… https://goo.gl/fb/tS6Hih  #fb",2017-03-07 15:56:02,0,0,839263401335484421
@PoppGirls @TeamTrumpRu @VP @NYDailyNews @AP the donaldis great god bless donald trump,2017-03-07 15:56:00,2,2,839263394293243905
